S,B,latency,memory,energy,is_validation
32,1,0.0010692960023880003,18763776,0.02853835132873313,False
32,2,0.000983696013689041,18874368,0.02779109684013829,False
32,4,0.0006532959938049317,19095552,0.02754650526670197,False
32,8,0.000609360009431839,19537920,0.035744881267749454,False
32,16,0.0010195040106773376,14843904,0.030131124415457552,False
32,32,0.0006338239908218384,15958016,0.038598416505991946,False
32,64,0.0008263840079307555,18186240,0.052814090929444106,False
32,95,0.0017534559965133667,47370240,0.12005463263093052,True
32,98,0.0018022720217704773,48417792,0.12183635636907325,True
32,128,0.0021616159677505494,59342848,0.14852690576523458,False
32,167,0.0028368959426879883,72546816,0.1948459645311242,True
32,256,0.004107599973678589,103669760,0.2784415513106949,False
48,1,0.0006191360056400298,14255616,0.02814531403954543,True
48,2,0.0006282080113887787,14043136,0.029968264270576642,True
48,4,0.0006276639997959137,14356480,0.037457581976082004,True
48,8,0.0007642239928245544,14983168,0.03660994179136598,True
48,16,0.000619711995124817,16236544,0.038205296503207906,True
48,32,0.0007372639775276185,18743296,0.04831736008410511,True
48,64,0.0012046239972114564,23822336,0.08012824918060202,True
48,95,0.002258831977844238,53182464,0.15384754376905968,True
48,98,0.0023075519800186154,54094848,0.1572845134956744,True
48,128,0.0029147520065307617,66551808,0.20220643780055725,True
48,167,0.003985839962959289,82222592,0.27147262579379416,True
48,256,0.005836127996444702,118087680,0.39990789954999495,True
64,1,0.0006394720077514649,23969792,0.03469148830219253,False
64,2,0.0007038399875164032,24117248,0.04205800598601218,False
64,4,0.0008686559796333313,24903680,0.04512771345860899,False
64,8,0.0006398879885673523,17793536,0.04182112136931505,False
64,16,0.0006284480094909668,19497472,0.043043314634618614,False
64,32,0.0009688479900360107,22642688,0.06336086450211818,False
64,64,0.0016294400095939634,32210944,0.10975938148680135,False
64,95,0.003884783983230591,60342272,0.2648877151992385,True
64,98,0.004086479902267456,61664256,0.27914070710217953,True
64,128,0.005088832139968872,76644352,0.34950508487279064,False
64,167,0.006771744012832642,95119872,0.4630642276087976,True
64,256,0.009771199703216552,138272768,0.6602684609767959,False
112,1,0.0006969920098781586,24273920,0.05107128961877547,True
112,2,0.0007498719990253449,24725504,0.04702334945093885,True
112,4,0.0006574560105800629,18698752,0.04146560300362291,True
112,8,0.0008218400180339813,20553728,0.05781352945361039,True
112,16,0.0013809279799461365,27377664,0.09163438260308533,True
112,32,0.0026292799711227417,41025536,0.17569218448138835,True
112,64,0.004991760015487671,68780032,0.33548040927519557,True
112,95,0.01147283172607422,158633984,0.7821191599911282,True
112,98,0.012420543670654297,175921152,0.8434865663192826,True
112,128,0.015099199771881103,205824000,1.0434533175465435,True
112,167,0.020758543968200684,273721344,1.4184211197275307,True
112,256,0.03146996784210205,396533760,2.1366176610234255,True
128,1,0.0007527839839458466,24412160,0.04644256044357857,False
128,2,0.0006571199893951416,17794048,0.06188144179043885,False
128,4,0.0006548639833927155,19497984,0.041570466718817846,False
128,8,0.001034559965133667,22642688,0.06909866423822224,False
128,16,0.0017338560223579408,32210944,0.11285734958191339,False
128,32,0.0032485599517822266,49381376,0.21990606263802076,False
128,64,0.006088255882263183,119316480,0.408543439072005,False
128,95,0.012623488426208496,171024384,0.8523786139517971,True
128,98,0.013612815856933594,189210624,0.9132290364346166,True
128,128,0.016702112197875978,223518720,1.1355079134022217,False
128,167,0.022714479446411133,297500672,1.5323091873086176,True
128,256,0.0335185432434082,431923200,2.276671437578532,False
224,1,0.0006948799788951874,18699776,0.042461868655543515,False
224,2,0.0007174719870090484,21308928,0.05219464140064066,False
224,4,0.0013759360313415525,27377664,0.09020801869630522,False
224,8,0.00262118399143219,41025536,0.1730018581912087,False
224,16,0.005038335800170898,68780032,0.3303650960241652,False
224,32,0.009172863960266113,174673920,0.6294703223049297,False
224,64,0.01769068717956543,335904768,1.2001769543041714,False
224,95,0.03934110450744629,491986944,2.707803396823885,True
224,98,0.042514881134033206,549808128,2.8868644630002382,True
224,128,0.05224068832397461,655458304,3.5931040190905157,False
224,167,0.07408076858520508,877756416,4.99444233977928,True
224,256,0.11056166458129882,1292992512,7.4605871279618965,False
256,1,0.000646255999803543,19499008,0.04286463325958468,False
256,2,0.0007949919998645783,22906880,0.058850650961471164,False
256,4,0.001659999966621399,32210944,0.11003650820987679,False
256,8,0.0033280960321426393,49381376,0.218965369709951,False
256,16,0.005915280103683472,119316480,0.3923974667082807,False
256,32,0.011334032058715821,223518720,0.7632822832158244,False
256,64,0.0224385929107666,431923200,1.5289948523884267,False
256,95,0.04910156631469727,640778240,3.3541686364956873,True
256,98,0.05297967910766602,713072640,3.6114405920328325,True
256,128,0.06516331100463868,848732160,4.488563456178707,False
256,167,0.08882086181640625,1142464512,6.0448841250564165,True
256,256,0.13372766876220704,1683062784,9.026811321469179,False
352,1,0.000868287980556488,22535168,0.05698039766738766,True
352,2,0.0016330400109291075,30580736,0.11043247712436614,True
352,4,0.003261407971382141,48529408,0.21330615292242516,True
352,8,0.006136431932449341,82739200,0.40843923584648545,True
352,16,0.010882656097412109,191234048,0.7437867620835262,True
352,32,0.02138243293762207,366837760,1.451051788834663,True
352,64,0.04251064109802247,717586432,2.896485237786372,True
352,95,0.09532643127441406,1063047168,6.530991456526623,True
352,98,0.10253268814086913,1179836416,7.033220739174135,True
352,128,0.12732387161254882,1418821632,8.744266886442126,True
352,167,0.173634162902832,1902612480,11.750099438741227,True
352,256,0.26158746337890626,2819719168,17.49564630491454,True
384,1,0.0010024320185184478,23822336,0.06538402231934086,False
384,2,0.0018703680038452148,33783808,0.12370034351441883,False
384,4,0.00349072003364563,53837824,0.2329303014724102,False
384,8,0.006959312200546265,95125504,0.4666320576716369,False
384,16,0.012703328132629395,227639296,0.8624936084424473,False
384,32,0.02494320011138916,436260864,1.6862904317856555,False
384,64,0.04985078239440918,857407488,3.381285112003527,False
384,95,0.11102146911621094,1273507840,7.5506249246681305,True
384,98,0.11960585784912109,1415464960,8.121780516295747,True
384,128,0.14755030822753906,1699840000,10.103359764919922,False
384,167,0.20137161254882813,2284945408,13.639758231036359,True
384,256,0.30442535400390625,3384287232,20.45687260029995,False
400,1,0.001123408019542694,24609792,0.0667111445890993,True
400,2,0.0020328639745712277,35489792,0.13274559710428455,True
400,4,0.003784575939178467,57741312,0.25098154907533426,True
400,8,0.007602655887603759,102244352,0.5103978936628819,True
400,16,0.013957552433013916,259096576,0.9438948700217124,True
400,32,0.027762256622314452,499458048,1.8865860829912264,True
400,64,0.05556038284301758,983007232,3.763352491751948,True
400,95,0.1251833724975586,1459593216,8.504779192904993,True
400,98,0.13513474273681642,1628536832,9.1633949903201,True
400,128,0.1669357452392578,1948557312,11.425683624922305,True
400,167,0.22659368896484375,2622586880,15.297131982129255,True
400,256,0.34172613525390627,3883048960,22.962797916216065,True
512,1,0.0017200800180435182,32210944,0.1076502935988253,False
512,2,0.003163583993911743,49381376,0.20902890264935675,False
512,4,0.0061590240001678466,85032960,0.4112741918520664,False
512,8,0.012038880348205567,156336128,0.8045392449580603,False
512,16,0.021620656013488768,399734784,1.4626992592278796,False
512,32,0.04337439918518067,784355328,2.9440599288136946,False
512,64,0.08759592056274415,1553596416,5.868404993704381,False
512,95,0.1958079147338867,2314448896,13.34923244069432,True
512,98,0.21146815490722656,2575337472,14.374637813961764,True
512,128,0.26126800537109374,3092348928,17.90852433096286,False
512,167,0.35863226318359376,4162054144,24.200522032371694,True
512,256,0.5378099365234374,6169042944,36.081206041918406,False
